PlateNumber,Cell,sgRNA,PlateMap
1,WT,BCR2_1054,A
2,WT,BCRABL_1886,A
3,WT,BCRABL_1928,A
4,WT,CR1308,A
5,WT,BCR2_909,A
6,WT,BCR2_1057,A
7,WT,AAVS1,A
8,Y253H,BCR2_1054,A
9,Y253H,BCRABL_1886,A
10,Y253H,BCRABL_1928,A
11,Y253H,CR1308,A
12,Y253H,BCR2_909,A
13,Y253H,BCR2_1057,A
14,Y253H,AAVS1,A
15,T315I,BCR2_1054,A
16,T315I,BCRABL_1886,A
17,T315I,BCRABL_1928,A
18,T315I,CR1308,A
19,T315I,BCR2_909,A
20,T315I,BCR2_1057,A
21,T315I,AAVS1,A
22,WT,BCR2_1054,B
23,WT,BCRABL_1886,B
24,WT,BCRABL_1928,B
25,WT,CR1308,B
26,WT,BCR2_909,B
27,WT,BCR2_1057,B
28,WT,AAVS1,B
29,Y253H,BCR2_1054,B
30,Y253H,BCRABL_1886,B
31,Y253H,BCRABL_1928,B
32,Y253H,CR1308,B
33,Y253H,BCR2_909,B
34,Y253H,BCR2_1057,B
35,Y253H,AAVS1,B
36,T315I,BCR2_1054,B
37,T315I,BCRABL_1886,B
38,T315I,BCRABL_1928,B
39,T315I,CR1308,B
40,T315I,BCR2_909,B
41,T315I,BCR2_1057,B
42,T315I,AAVS1,B
